,Industry,AgeRange,Gender,Year,NLT_Claims,LT_Claims,F_Claims
1041,Transportation,65+,Male,2017.0,12.811065337304322,8.282844744480936,0.3196867352826989
166,Construction,25-29,Male,2015.0,21.51890492027886,11.984111406330518,0.2907142284490561
222,Construction,50-54,Male,2017.0,18.27272461421225,11.257529870496846,0.3196867352826989
571,Manufacturing,35-39,Male,2015.0,19.500555216181887,10.927124229467832,0.2907142284490561
236,Construction,60-64,Male,2013.0,13.36314856382258,8.49130061109513,0.2907142284490561
912,Services,65+,Male,2014.0,12.821452926660077,8.882849034698442,-0.0
570,Manufacturing,35-39,Male,2014.0,19.848001731191545,11.47226447414759,0.2907142284490561
423,Forestry,45-49,Male,2011.0,6.517408674945819,4.619591157181987,0.2907142284490561
64,Agriculture,55-59,Male,2012.0,6.517408674945819,5.743698224332392,0.2907142284490561
262,Education,60-64,Female,2012.0,6.271333834819449,4.968859679866984,-0.0
817,0.0,0.0,0.0,0.0,0.0,0.0,-0.0
497,Health Care,40-44,Male,2013.0,11.335086955164018,7.057346769359728,-0.0
625,0.0,0.0,0.0,0.0,0.0,0.0,-0.0
798,0.0,0.0,0.0,0.0,0.0,0.0,-0.0
750,Primary Metals,35-39,Male,2014.0,9.619689423705537,4.422102295930098,0.2907142284490561
163,0.0,0.0,0.0,0.0,0.0,0.0,-0.0
1018,Transportation,60-64,Male,2012.0,12.727203786381628,9.61687876977559,0.3196867352826989
346,Food,30-34,Male,2015.0,11.34908025101144,6.037549283028284,-0.0
620,Manufacturing,55-59,Male,2019.0,20.24926914419275,12.13715020153002,0.2907142284490561
9,Agriculture,25-29,Male,2011.0,10.01261982607252,7.45214968886297,0.2907142284490561
165,Construction,25-29,Male,2014.0,21.78875356839084,11.973688564202481,0.2907142284490561
652,Mining,25-29,Male,2015.0,8.999127255901202,3.37262599716869,-0.0
674,Mining,35-39,Male,2019.0,9.140244853111348,4.80095791069476,-0.0
399,Forestry,30-34,Male,2014.0,5.8913619322725514,2.3274877503554956,-0.0
224,0.0,0.0,0.0,0.0,0.0,0.0,-0.0
862,Services,45-49,Male,2018.0,17.691256097781253,12.298771713574784,-0.0
755,Primary Metals,35-39,Male,2019.0,9.515486970629073,4.352107146364183,-0.0
503,Health Care,40-44,Male,2019.0,11.001159752389091,7.057346769359728,-0.0
876,Services,50-54,Male,2014.0,18.197466270418623,12.216353444068599,0.2907142284490561
841,Services,40-44,Male,2015.0,18.27688136276128,11.77003911703142,-0.0
403,Forestry,30-34,Male,2018.0,6.517408674945819,3.6893666462127332,-0.0
919,Transportation,20-24,Male,2012.0,16.15955472262184,10.061255255936642,0.2907142284490561
790,0.0,0.0,0.0,0.0,0.0,0.0,-0.0
627,Manufacturing,60-64,Male,2017.0,17.59077223996652,10.601370576773121,0.3196867352826989
902,Services,60-64,Male,2013.0,14.5073802052849,10.217115247237462,0.2907142284490561
688,Mining,50-54,Male,2015.0,9.231668662949192,4.619591157181987,0.3196867352826989
485,Health Care,35-39,Female,2019.0,19.570009947822957,12.931216289834268,-0.0
192,0.0,0.0,0.0,0.0,0.0,0.0,-0.0
743,Primary Metals,20-24,Male,2016.0,6.918648862874986,2.1121490007848145,-0.0
736,Municipal,55-59,Male,2018.0,8.17697452439685,6.037549283028284,-0.0
304,Electrical,45-49,Male,2018.0,8.29340867451634,4.858310086890114,-0.0
799,0.0,0.0,0.0,0.0,0.0,0.0,-0.0
760,Pulp & Paper,25-29,Male,2015.0,4.949086816715207,2.3274877503554956,-0.0
567,Manufacturing,35-39,Male,2011.0,20.352485814074825,11.94750651043401,-0.0
181,Construction,35-39,Female,2012.0,4.949086816715207,2.6915405337446248,-0.0
538,Manufacturing,20-24,Female,2018.0,12.533353208892557,7.668821071513323,-0.0
920,Transportation,20-24,Male,2013.0,16.318668774627973,9.989633530421282,0.2907142284490561
712,Municipal,30-34,Female,2012.0,4.3263492115156135,2.9942121958501886,-0.0
113,Automotive,65+,Male,2016.0,8.20642041102789,3.4839213534092544,-0.0
898,Services,55-59,Male,2018.0,17.59077223996652,12.393554484130297,-0.0
1013,Transportation,55-59,Male,2016.0,15.44600034122007,11.375646155969632,0.2907142284490561
893,0.0,0.0,0.0,0.0,0.0,0.0,-0.0
792,0.0,0.0,0.0,0.0,0.0,0.0,-0.0
442,Forestry,65+,Male,2012.0,5.178204808163818,1.5732872321743494,-0.0
472,Health Care,30-34,Female,2015.0,18.738872694009228,11.999692657292586,-0.0
530,Manufacturing,15-19,Male,2019.0,14.25066121114774,7.78047793734494,-0.0
492,Health Care,40-44,Female,2017.0,19.054200895416074,12.63860077403918,-0.0
390,Forestry,25-29,Male,2014.0,6.219776041015679,3.37262599716869,-0.0
508,Health Care,45-49,Female,2015.0,19.51798180064482,12.755664523793047,-0.0
970,Transportation,35-39,Female,2018.0,9.820675148965105,7.45214968886297,-0.0
847,Services,45-49,Female,2012.0,18.569728422692222,12.607679915717386,-0.0
374,Food,55-59,Male,2016.0,11.712155935190768,6.887222875544842,-0.0
341,Food,25-29,Male,2019.0,12.239598573674547,6.887222875544842,-0.0
458,Health Care,25-29,Female,2019.0,19.824681506487842,13.004171543247415,-0.0
1007,Transportation,50-54,Male,2019.0,16.019835690902326,11.225805386698756,-0.0
993,Transportation,45-49,Male,2014.0,16.211144871577183,11.18092425545068,0.3196867352826989
730,Municipal,55-59,Male,2012.0,7.497516843335057,5.4543476988051465,-0.0
130,Chemicals/Process,60-64,Male,2015.0,8.29340867451634,4.858310086890114,0.2907142284490561
31,Agriculture,35-39,Male,2015.0,9.64022319498713,6.912184527239746,0.2907142284490561
7,Agriculture,20-24,Male,2018.0,11.390813610091886,8.220555867426627,0.2907142284490561
357,Food,40-44,Male,2017.0,12.04987398775096,6.836600628561867,-0.0
579,Manufacturing,40-44,Male,2014.0,19.659313014441977,11.658289646448885,0.2907142284490561
120,Chemicals/Process,50-54,Male,2014.0,11.075812744292804,6.362619376574176,-0.0
647,Mining,20-24,Female,2019.0,2.8658516512540317,0.7379447974266409,-0.0
931,Transportation,25-29,Female,2015.0,9.451695535643138,6.205223043268825,-0.0
108,Automotive,65+,Male,2011.0,7.277363524992002,2.3274877503554956,-0.0
275,Electrical,25-29,Male,2016.0,10.60853248946423,5.497853284589411,-0.0
20,Agriculture,30-34,Male,2013.0,10.214368502053237,7.816763776029661,0.2907142284490561
939,Transportation,25-29,Male,2014.0,16.473820703897772,10.55558582135164,0.3196867352826989
704,Mining,60-64,Male,2013.0,7.277363524992002,3.128865764710676,-0.0
94,Automotive,30-34,Male,2015.0,14.875552611152768,6.6787752843948915,-0.0
884,Services,55-59,Female,2013.0,17.11857486808907,11.595381915130137,0.2907142284490561
850,Services,45-49,Female,2015.0,17.821433548246606,11.802929039513819,0.2907142284490561
137,Chemicals/Process,65+,Male,2013.0,7.161883923179549,3.128865764710676,-0.0
144,Construction,15-19,Male,2011.0,13.519966803996313,7.4927852349885855,0.2907142284490561
553,Manufacturing,25-29,Male,2015.0,20.795725216956125,11.14201096775679,-0.0
762,Pulp & Paper,25-29,Male,2017.0,4.949086816715207,2.3274877503554956,-0.0
823,Services,35-39,Female,2015.0,16.804343366834786,10.961553568219596,-0.0
504,Health Care,45-49,Female,2011.0,20.23666000563751,13.466972253290548,0.2907142284490561
502,Health Care,40-44,Male,2018.0,11.016186868664326,7.21757139560504,-0.0
1002,0.0,0.0,0.0,0.0,0.0,0.0,-0.0
419,Forestry,40-44,Male,2016.0,6.00471020409598,3.784728283834905,0.2907142284490561
865,Services,50-54,Female,2012.0,18.297627212950506,12.717024129671232,-0.0
383,Forestry,20-24,Male,2016.0,7.637066068540043,4.127348062487835,-0.0
1015,Transportation,55-59,Male,2018.0,16.363392203254286,11.47226447414759,0.3196867352826989
455,Health Care,25-29,Female,2016.0,19.028146842729445,12.147139756826137,-0.0
305,Electrical,45-49,Male,2019.0,8.056831216850613,4.80095791069476,-0.0
515,Health Care,65+,Male,2013.0,6.219776041015679,3.9630843303553096,-0.0
478,Health Care,35-39,Female,2012.0,18.525786982422805,12.607679915717386,-0.0
376,Food,55-59,Male,2018.0,11.839973768519384,7.21757139560504,-0.0
749,Primary Metals,35-39,Male,2013.0,8.902222923488864,3.37262599716869,-0.0
231,Construction,55-59,Male,2017.0,17.11857486808907,10.661507047607603,0.2907142284490561
436,Forestry,50-54,Male,2015.0,6.918648862874986,4.742114640638859,0.3196867352826989
6,Agriculture,20-24,Male,2017.0,11.633814683304573,8.672942754064598,-0.0
744,Primary Metals,20-24,Male,2017.0,7.122521413773445,3.2545992467652898,-0.0
825,Services,35-39,Female,2017.0,16.7887406817883,11.618379751103967,-0.0
835,Services,35-39,Male,2018.0,18.793066466667945,12.647391239820593,-0.0
634,Manufacturing,65+,Male,2015.0,15.228438548040655,8.172978270864501,0.2907142284490561
221,0.0,0.0,0.0,0.0,0.0,0.0,-0.0
410,Forestry,35-39,Male,2016.0,5.773684224829156,2.9942121958501886,-0.0
941,Transportation,25-29,Male,2016.0,15.91891009008846,10.267535932323733,0.2907142284490561
907,Services,60-64,Male,2018.0,15.668397188160833,11.187369668583875,-0.0
566,Manufacturing,30-34,Male,2019.0,20.201873871662684,11.813829175101258,-0.0
349,Food,30-34,Male,2018.0,11.567542843709887,6.836600628561867,-0.0
745,Primary Metals,20-24,Male,2018.0,8.48899082530517,4.046822614859125,-0.0
551,Manufacturing,25-29,Male,2013.0,20.542628061112815,11.351092232920784,0.2907142284490561
333,Food,25-29,Male,2011.0,12.251219819602014,6.596231855743486,0.2907142284490561
598,Manufacturing,45-49,Male,2015.0,19.723883135934532,11.51964689977721,0.2907142284490561
246,Construction,65+,Male,2014.0,12.204571785752226,6.037549283028284,0.3196867352826989
311,Electrical,50-54,Male,2016.0,9.70123148973429,5.175233864208523,-0.0
417,Forestry,40-44,Male,2014.0,5.588156978983016,3.6893666462127332,-0.0
789,Services,20-24,Female,2017.0,21.365466037145566,14.020750111046178,-0.0
279,Electrical,35-39,Male,2011.0,9.321093702794233,5.125331073137658,-0.0
146,Construction,15-19,Male,2013.0,13.863410825575697,7.834738939215682,-0.0
72,Agriculture,60-64,Male,2011.0,5.713098859890621,4.2797738813995405,-0.0
375,Food,55-59,Male,2017.0,11.93986901250203,7.033680338831787,-0.0
53,Agriculture,45-49,Male,2019.0,9.231668662949192,6.596231855743486,-0.0
562,Manufacturing,30-34,Male,2015.0,20.018947920619013,11.109262853562461,-0.0
397,Forestry,30-34,Male,2012.0,5.8913619322725514,3.128865764710676,-0.0
521,Health Care,65+,Male,2019.0,6.876369009509385,4.489920621651259,-0.0
393,Forestry,25-29,Male,2017.0,6.322073176960199,3.37262599716869,0.2907142284490561
904,Services,60-64,Male,2015.0,14.846950140855077,9.879282027057787,0.2907142284490561
232,0.0,0.0,0.0,0.0,0.0,0.0,-0.0
624,Manufacturing,60-64,Male,2014.0,16.68373365719399,10.275868224531054,-0.0
175,Construction,30-34,Male,2015.0,20.810352661062247,11.560617994899305,0.3196867352826989
999,Transportation,50-54,Male,2011.0,16.19399587046269,11.60114462603851,-0.0
39,Agriculture,40-44,Male,2014.0,9.408617792783351,7.057346769359728,-0.0
164,0.0,0.0,0.0,0.0,0.0,0.0,-0.0
1031,Transportation,65+,Female,2016.0,5.713098859890621,4.127348062487835,-0.0
73,Agriculture,60-64,Male,2012.0,6.322073176960199,4.046822614859125,0.2907142284490561
398,Forestry,30-34,Male,2013.0,5.523676322941899,3.784728283834905,0.2907142284490561
21,Agriculture,30-34,Male,2014.0,9.721373533572203,7.905556054399904,-0.0
78,Agriculture,60-64,Male,2017.0,6.833553440748435,5.224096776780618,0.2907142284490561
949,Transportation,30-34,Female,2015.0,9.473068072569744,6.002645571767179,-0.0
481,Health Care,35-39,Female,2015.0,18.39634031553421,12.117093210873414,-0.0
818,Services,30-34,Male,2019.0,20.01569780282587,13.16560692865846,-0.0
151,Construction,15-19,Male,2018.0,13.654641518197616,8.220555867426627,-0.0
968,Transportation,35-39,Female,2016.0,9.408617792783351,7.326626704941041,-0.0
982,Transportation,40-44,Male,2012.0,16.142261961957953,11.167999208293415,0.2907142284490561
796,0.0,0.0,0.0,0.0,0.0,0.0,-0.0
85,Agriculture,65+,Male,2015.0,5.321341973590818,3.6893666462127332,0.2907142284490561
731,Municipal,55-59,Male,2013.0,8.056831216850613,6.071978533817439,-0.0
147,Construction,15-19,Male,2014.0,13.592210525457135,7.870361296007292,0.2907142284490561
935,Transportation,25-29,Female,2019.0,9.741420313180624,7.649785603840107,-0.0
679,Mining,45-49,Male,2015.0,7.869031133717575,4.046822614859125,0.2907142284490561
420,Forestry,40-44,Male,2017.0,5.651276360480715,3.8758343187004884,-0.0
338,Food,25-29,Male,2016.0,11.500342434750365,6.7588453413934895,-0.0
840,Services,40-44,Male,2014.0,18.49365286909497,11.952757287857764,0.2907142284490561
583,Manufacturing,40-44,Male,2018.0,19.098642489459586,11.641237347448095,0.2907142284490561
122,Chemicals/Process,50-54,Male,2016.0,11.264491387497818,6.362619376574176,-0.0
488,Health Care,40-44,Female,2013.0,19.398638826107284,12.458563028421427,-0.0
747,Primary Metals,35-39,Male,2011.0,10.160265075654532,4.681691478716479,-0.0
872,Services,50-54,Female,2019.0,18.078715286849352,12.717024129671232,0.2907142284490561
737,Municipal,55-59,Male,2019.0,8.087229735544916,6.002645571767179,-0.0
334,Food,25-29,Male,2012.0,11.712155935190768,6.56813785842627,-0.0
815,Services,30-34,Male,2016.0,19.444504549682495,12.81503912792551,-0.0
540,Manufacturing,20-24,Male,2011.0,20.308871799090113,10.975233731138356,-0.0
201,0.0,0.0,0.0,0.0,0.0,0.0,-0.0
187,Construction,35-39,Female,2018.0,6.61085643536396,3.784728283834905,-0.0
667,Mining,35-39,Male,2012.0,9.578318655951714,4.858310086890114,-0.0
210,Construction,45-49,Male,2014.0,18.58563808680939,11.225805386698756,0.2907142284490561
71,Agriculture,55-59,Male,2019.0,8.777684701360828,6.362619376574176,-0.0
842,Services,40-44,Male,2016.0,17.767874953684426,12.117093210873414,-0.0
422,Forestry,40-44,Male,2019.0,5.651276360480715,2.6915405337446248,0.2907142284490561
591,Manufacturing,45-49,Female,2017.0,12.811065337304322,8.505659590060064,0.2907142284490561
593,Manufacturing,45-49,Female,2019.0,12.964736879803395,8.753317279812597,-0.0
66,Agriculture,55-59,Male,2014.0,7.738293676454873,5.782380259334552,0.3196867352826989
277,Electrical,25-29,Male,2018.0,10.721920197105346,5.743698224332392,0.3196867352826989
886,Services,55-59,Female,2015.0,17.162942103326564,11.725736010160148,-0.0
460,Health Care,25-29,Male,2012.0,11.060977950945896,6.7324200179071365,-0.0
366,Food,45-49,Male,2017.0,12.061946674843117,6.936919462192939,-0.0
331,Electrical,65+,Female,2018.0,1.6351650830078555,1.213977406494694,-0.0
413,Forestry,35-39,Male,2019.0,6.469665611160533,2.9942121958501886,-0.0
989,Transportation,40-44,Male,2019.0,15.63712568837558,10.940935487649506,0.2907142284490561
786,Services,20-24,Female,2014.0,20.960832557638298,13.184863746676227,-0.0
560,Manufacturing,30-34,Male,2013.0,20.346270861701672,11.320168252391985,0.3196867352826989
869,Services,50-54,Female,2016.0,18.231017144430332,12.634198233111855,-0.0
196,Construction,35-39,Male,2018.0,19.95694832488954,11.703387858590602,0.2907142284490561
604,Manufacturing,50-54,Male,2012.0,20.836611224981542,12.540596837126687,-0.0
289,Electrical,40-44,Male,2012.0,9.43021255000463,5.074338013532067,-0.0
345,Food,30-34,Male,2014.0,11.607415486478509,6.2374788965820445,-0.0
812,Services,30-34,Male,2013.0,19.583820942870698,12.781218714370253,0.2907142284490561
725,Municipal,30-34,Male,2016.0,7.932694914214463,5.074338013532067,-0.0
548,Manufacturing,20-24,Male,2019.0,20.949362134991222,11.96846647654223,0.2907142284490561
354,Food,40-44,Male,2014.0,12.29743689770656,6.62403163348888,-0.0
411,Forestry,35-39,Male,2017.0,6.00471020409598,3.8758343187004884,-0.0
197,Construction,35-39,Male,2019.0,20.487921449517692,11.894597560698678,0.3196867352826989
214,Construction,45-49,Male,2018.0,18.048699293970095,10.639075618942615,-0.0
668,Mining,35-39,Male,2013.0,9.536535858161171,4.422102295930098,0.2907142284490561
438,Forestry,50-54,Male,2017.0,6.960408184546052,4.046822614859125,-0.0
888,Services,55-59,Female,2017.0,17.975242713686907,12.226140944859019,-0.0
782,Services,15-19,Male,2019.0,20.102950930734288,12.435469096643853,-0.0
371,Food,55-59,Male,2013.0,12.109945069549987,6.56813785842627,-0.0
169,Construction,25-29,Male,2018.0,22.104305460416516,12.598800918804285,0.3196867352826989
223,Construction,50-54,Male,2018.0,18.49365286909497,11.270143242139682,0.3196867352826989
414,Forestry,40-44,Male,2011.0,5.833088002609537,3.6893666462127332,-0.0
136,Chemicals/Process,65+,Male,2012.0,7.082705079286526,2.1121490007848145,-0.0
97,Automotive,30-34,Male,2018.0,14.499769580844765,7.552672888756263,-0.0
673,Mining,35-39,Male,2018.0,8.543094804893578,4.2049219077318245,-0.0
230,Construction,55-59,Male,2016.0,16.646566983524107,10.55558582135164,0.3196867352826989
897,Services,55-59,Male,2017.0,16.94307933395315,11.905238243370427,0.2907142284490561
877,Services,50-54,Male,2015.0,18.001260053219724,12.107025475135874,0.2907142284490561
1020,Transportation,60-64,Male,2014.0,13.672347706419336,10.08772982434921,0.3196867352826989
367,Food,45-49,Male,2018.0,12.343232076626974,7.080811624995211,-0.0
242,Construction,60-64,Male,2019.0,14.904014612280035,9.115226639590476,0.3196867352826989
664,Mining,30-34,Male,2018.0,8.877625382758511,4.046822614859125,-0.0
864,Services,50-54,Female,2011.0,18.668569208028305,13.008186290745158,0.2907142284490561
778,Services,15-19,Male,2015.0,19.87456248592129,11.714578496757616,-0.0
926,Transportation,20-24,Male,2019.0,16.60918081077451,10.422522560867277,0.2907142284490561
564,Manufacturing,30-34,Male,2017.0,19.88780673153483,11.496031090583106,0.2907142284490561
293,Electrical,40-44,Male,2016.0,8.975119922649478,5.125331073137658,-0.0
938,Transportation,25-29,Male,2013.0,16.41884988688037,10.341813949120876,0.3196867352826989
220,Construction,50-54,Male,2015.0,17.97958592260547,11.082850444943977,0.3196867352826989
715,Municipal,30-34,Female,2015.0,5.773684224829156,4.127348062487835,-0.0
630,Manufacturing,65+,Male,2011.0,13.964886252088386,7.816763776029661,0.3196867352826989
40,Agriculture,40-44,Male,2015.0,9.451695535643138,6.985727111813992,-0.0
875,Services,50-54,Male,2013.0,17.874566471632704,12.245642216555865,-0.0
932,Transportation,25-29,Female,2016.0,8.675151803226385,6.6787752843948915,-0.0
632,Manufacturing,65+,Male,2013.0,14.423096658042379,7.991744736091764,-0.0
1035,Transportation,65+,Male,2011.0,10.17837393576163,7.057346769359728,-0.0
467,Health Care,25-29,Male,2019.0,12.121872390575811,7.852604286895556,-0.0
619,Manufacturing,55-59,Male,2018.0,19.966772629635532,12.351186528720932,0.2907142284490561
360,Food,45-49,Male,2011.0,13.230454810101534,7.326626704941041,-0.0
237,Construction,60-64,Male,2014.0,13.455948869297043,8.373936515593064,-0.0
552,Manufacturing,25-29,Male,2014.0,20.24296725447792,11.387862194869216,0.2907142284490561
556,Manufacturing,25-29,Male,2018.0,21.066125776347537,12.122117240322206,-0.0
43,Agriculture,40-44,Male,2018.0,9.800999289063869,7.390084724378634,-0.0
811,Services,30-34,Male,2012.0,19.230317602186027,12.81924667852071,-0.0
102,Automotive,55-59,Female,2014.0,10.68981251990634,5.175233864208523,0.2907142284490561
408,Forestry,35-39,Male,2014.0,5.4577648492677255,2.9942121958501886,-0.0
519,Health Care,65+,Male,2017.0,6.421212116337027,4.619591157181987,-0.0
347,Food,30-34,Male,2016.0,11.445893088344421,6.810930254649206,-0.0
433,Forestry,50-54,Male,2012.0,6.271333834819449,3.6893666462127332,-0.0
718,Municipal,30-34,Female,2018.0,5.588156978983016,3.784728283834905,-0.0
900,Services,60-64,Male,2011.0,13.871938976539886,10.217115247237462,0.2907142284490561
80,Agriculture,60-64,Male,2019.0,7.042422690698983,5.497853284589411,-0.0
581,Manufacturing,40-44,Male,2016.0,19.40217739876614,11.128947042868694,0.2907142284490561
69,Agriculture,55-59,Male,2017.0,7.869031133717575,6.002645571767179,0.2907142284490561
266,Education,60-64,Female,2016.0,7.122521413773445,4.681691478716479,0.2907142284490561
213,Construction,45-49,Male,2017.0,17.92290429859482,11.148525409941477,-0.0
207,Construction,45-49,Male,2011.0,18.86213158919007,11.543114007743103,0.3196867352826989
343,Food,30-34,Male,2012.0,12.411152873760363,6.62403163348888,-0.0
226,Construction,55-59,Male,2012.0,15.724280928711938,9.657080514677217,0.3196867352826989
971,Transportation,35-39,Female,2019.0,9.993805893562437,7.172729076048046,-0.0
321,Electrical,55-59,Male,2017.0,8.350315088137027,5.074338013532067,-0.0
546,Manufacturing,20-24,Male,2017.0,20.914847010411517,11.490103657931835,0.2907142284490561
219,0.0,0.0,0.0,0.0,0.0,0.0,-0.0
800,0.0,0.0,0.0,0.0,0.0,0.0,-0.0
512,Health Care,45-49,Female,2019.0,19.927396141264058,13.298541540021178,-0.0
699,Mining,55-59,Male,2017.0,8.80290695794977,4.127348062487835,0.2907142284490561
612,Manufacturing,55-59,Male,2011.0,18.773759873806885,11.484166766699172,0.3196867352826989
182,Construction,35-39,Female,2013.0,5.833088002609537,3.4839213534092544,-0.0
952,Transportation,30-34,Female,2018.0,10.031352300494895,7.172729076048046,0.2907142284490561
1008,Transportation,55-59,Male,2011.0,14.552831341327002,10.906307407954486,-0.0
675,Mining,45-49,Male,2011.0,9.840260729363072,5.497853284589411,-0.0
735,Municipal,55-59,Male,2017.0,8.147296963143717,5.410040856092283,-0.0
382,Forestry,20-24,Male,2015.0,7.042422690698983,4.352107146364183,-0.0
309,Electrical,50-54,Male,2014.0,10.08706898679669,4.968859679866984,0.2907142284490561
283,Electrical,35-39,Male,2015.0,9.365087546586016,4.619591157181987,-0.0
597,Manufacturing,45-49,Male,2014.0,20.07720576999671,12.05117754301591,-0.0
155,Construction,20-24,Male,2013.0,21.373617734694303,11.548957792642279,0.3196867352826989
4,Agriculture,20-24,Male,2015.0,11.66006996727802,8.659342821580875,-0.0
870,Services,50-54,Female,2017.0,18.660713613301283,12.923028206084355,0.2907142284490561
378,Forestry,20-24,Male,2011.0,6.372023372514601,3.4839213534092544,-0.0
41,Agriculture,40-44,Male,2016.0,9.64022319498713,6.961432197364783,0.3196867352826989
468,Health Care,30-34,Female,2011.0,17.830318385061467,11.851734842869863,-0.0
316,Electrical,55-59,Male,2012.0,8.622863809595932,4.046822614859125,-0.0
38,Agriculture,40-44,Male,2013.0,9.18621302470142,7.326626704941041,-0.0
605,Manufacturing,50-54,Male,2013.0,20.506201371529265,12.430833971217888,-0.0
848,Services,45-49,Female,2013.0,18.193260751009568,12.332207941667114,-0.0
67,Agriculture,55-59,Male,2015.0,7.425644075765625,5.582584595315234,-0.0
929,Transportation,25-29,Female,2013.0,9.68099313301725,6.452675749582507,-0.0
364,Food,45-49,Male,2015.0,12.121872390575811,6.887222875544842,0.2907142284490561
843,Services,40-44,Male,2017.0,17.874566471632704,12.061392194924446,0.2907142284490561
388,Forestry,25-29,Male,2012.0,5.651276360480715,3.4839213534092544,-0.0
987,Transportation,40-44,Male,2017.0,15.497566104376544,10.586175018449135,0.3196867352826989
611,Manufacturing,50-54,Male,2019.0,19.7744568895653,12.07666347552147,-0.0
727,Municipal,30-34,Male,2018.0,8.026183308811461,5.4543476988051465,-0.0
274,Electrical,25-29,Male,2015.0,10.575605970299925,5.271966682219149,-0.0
930,Transportation,25-29,Female,2014.0,8.902222923488864,6.6787752843948915,-0.0
981,Transportation,40-44,Male,2011.0,16.07843749091437,11.566434475280717,0.2907142284490561
426,Forestry,45-49,Male,2014.0,5.8913619322725514,3.128865764710676,-0.0
1010,Transportation,55-59,Male,2013.0,15.643392977161286,11.089471565078346,-0.0
814,Services,30-34,Male,2015.0,19.881187609232068,12.336961241283063,-0.0
513,Health Care,65+,Male,2011.0,5.8913619322725514,4.046822614859125,-0.0
808,0.0,0.0,0.0,0.0,0.0,0.0,-0.0
969,Transportation,35-39,Female,2017.0,9.68099313301725,7.104078674404785,0.2907142284490561
54,Agriculture,50-54,Male,2011.0,7.602683801150955,6.071978533817439,-0.0
325,Electrical,65+,Female,2012.0,0.7519887218492141,0.0,-0.0
1,Agriculture,20-24,Male,2012.0,10.832545214942622,8.156949921134952,0.3196867352826989
465,Health Care,25-29,Male,2017.0,11.34908025101144,7.15003389316062,0.2907142284490561
449,Forestry,65+,Male,2019.0,6.059871914626792,1.8650036771644103,-0.0
756,Pulp & Paper,25-29,Male,2011.0,5.250660096296999,2.518882330511766,0.2907142284490561
145,Construction,15-19,Male,2012.0,13.492623825531702,7.725186782802326,-0.0
337,Food,25-29,Male,2015.0,11.22162022703789,6.2374788965820445,-0.0
1021,Transportation,60-64,Male,2015.0,13.114011833373686,9.784479889223558,-0.0
742,Primary Metals,20-24,Male,2015.0,7.200804341483428,2.6915405337446248,0.2907142284490561
63,Agriculture,55-59,Male,2011.0,6.833553440748435,5.074338013532067,-0.0
162,Construction,25-29,Male,2011.0,21.39260512459625,12.046060017751111,0.2907142284490561
822,Services,35-39,Female,2014.0,16.59845831172811,10.913259749065368,0.2907142284490561
342,Food,30-34,Male,2011.0,12.652687166727192,7.080811624995211,0.2907142284490561
572,Manufacturing,35-39,Male,2016.0,19.241181069427984,11.460323942389987,0.2907142284490561
849,Services,45-49,Female,2014.0,17.996930801837415,12.117093210873414,-0.0
104,Automotive,55-59,Female,2016.0,11.090600337754642,6.071978533817439,-0.0
203,0.0,0.0,0.0,0.0,0.0,0.0,-0.0
532,Manufacturing,20-24,Female,2012.0,10.737889268413308,6.6515439393833145,0.3196867352826989
751,Primary Metals,35-39,Male,2015.0,8.827969628674957,3.128865764710676,-0.0
828,Services,35-39,Male,2011.0,18.97950371119065,12.59435394792539,0.2907142284490561
754,Primary Metals,35-39,Male,2018.0,9.451695535643138,5.022200409095823,-0.0
533,Manufacturing,20-24,Female,2013.0,10.525759483542059,6.836600628561867,-0.0
770,Pulp & Paper,55-59,Male,2016.0,7.425644075765625,3.4839213534092544,0.2907142284490561
211,Construction,45-49,Male,2015.0,18.146827388920975,11.18092425545068,0.3196867352826989
838,Services,40-44,Male,2012.0,18.351273459540806,12.250502273629298,0.2907142284490561
921,Transportation,20-24,Male,2014.0,16.267968194324272,9.686915595168987,0.3196867352826989
441,Forestry,65+,Male,2011.0,4.78523074163556,0.7379447974266409,0.2907142284490561
495,Health Care,40-44,Male,2011.0,10.28548437470892,7.53284948993653,-0.0
254,Education,15-19,Male,2013.0,10.641220178510443,5.623867744317777,-0.0
846,Services,45-49,Female,2011.0,19.150140478168495,12.91071482029886,0.2907142284490561
51,Agriculture,45-49,Male,2017.0,9.49433145930577,6.810930254649206,-0.0
701,Mining,55-59,Male,2019.0,8.622863809595932,4.681691478716479,-0.0
83,Agriculture,65+,Male,2013.0,5.390347286666185,2.6915405337446248,0.2907142284490561
178,Construction,30-34,Male,2018.0,21.324578481121755,12.142148208657892,0.3196867352826989
1001,Transportation,50-54,Male,2013.0,16.352241364465087,11.560617994899305,0.3196867352826989
477,Health Care,35-39,Female,2011.0,18.50973865060298,12.317913212668298,-0.0
394,Forestry,25-29,Male,2018.0,6.746250851586669,3.9630843303553096,-0.0
445,Forestry,65+,Male,2015.0,6.059871914626792,0.7379447974266409,-0.0
702,Mining,60-64,Male,2011.0,7.239293934509256,2.6915405337446248,0.2907142284490561
259,Education,15-19,Male,2018.0,9.741420313180624,6.172557093937491,-0.0
765,Pulp & Paper,55-59,Male,2011.0,7.200804341483428,3.37262599716869,-0.0
329,Electrical,65+,Female,2016.0,1.6351650830078555,0.7379447974266409,-0.0
824,Services,35-39,Female,2016.0,16.576958538616488,11.51375696970205,-0.0
650,Mining,25-29,Male,2013.0,9.859756978190003,4.2049219077318245,-0.0
200,0.0,0.0,0.0,0.0,0.0,0.0,-0.0
126,Chemicals/Process,60-64,Male,2011.0,8.46165244511262,4.914252466606599,-0.0
813,Services,30-34,Male,2014.0,19.597605561171537,12.69972974678826,0.2907142284490561
474,Health Care,30-34,Female,2017.0,19.16478567837561,12.28916559347609,-0.0
216,Construction,50-54,Male,2011.0,17.673099147936355,10.982054409569283,0.3196867352826989
524,Manufacturing,15-19,Male,2013.0,13.592210525457135,7.033680338831787,-0.0
780,Services,15-19,Male,2017.0,20.02868965956567,12.42154726700516,-0.0
47,Agriculture,45-49,Male,2013.0,8.852875019023216,6.912184527239746,-0.0
396,Forestry,30-34,Male,2011.0,5.027540142714849,2.849100967818667,-0.0
883,Services,55-59,Female,2012.0,16.968444817575563,11.781034213458552,-0.0
138,Chemicals/Process,65+,Male,2014.0,7.200804341483428,3.5892817892317113,-0.0
81,Agriculture,65+,Male,2011.0,4.006776823967044,2.6915405337446248,-0.0
663,Mining,30-34,Male,2017.0,8.902222923488864,4.422102295930098,0.2907142284490561
265,Education,60-64,Female,2015.0,6.11407903228689,4.858310086890114,-0.0
861,Services,45-49,Male,2017.0,17.55847770141184,12.216353444068599,0.2907142284490561
525,Manufacturing,15-19,Male,2014.0,14.056294409527347,7.53284948993653,-0.0
264,Education,60-64,Female,2014.0,6.701729753392148,5.074338013532067,-0.0
142,Chemicals/Process,65+,Male,2018.0,7.836781659412612,3.128865764710676,-0.0
947,Transportation,30-34,Female,2013.0,8.726751940188368,6.887222875544842,-0.0
763,Pulp & Paper,25-29,Male,2018.0,5.713098859890621,2.6915405337446248,-0.0
855,Services,45-49,Male,2011.0,18.5217783994042,12.63860077403918,0.3196867352826989
369,Food,55-59,Male,2011.0,11.594161350603839,6.596231855743486,-0.0
87,Agriculture,65+,Male,2017.0,5.321341973590818,3.9630843303553096,-0.0
914,Services,65+,Male,2016.0,13.287729479586355,8.81875135067003,0.3196867352826989
296,Electrical,40-44,Male,2019.0,9.163293836585488,5.074338013532067,-0.0
391,Forestry,25-29,Male,2015.0,7.161883923179549,3.4839213534092544,-0.0
25,Agriculture,30-34,Male,2018.0,11.22162022703789,7.905556054399904,-0.0
639,Mining,20-24,Female,2011.0,3.768742828453344,1.5732872321743494,-0.0
12,Agriculture,25-29,Male,2014.0,11.13468334220616,7.9747072051192225,-0.0
857,Services,45-49,Male,2013.0,18.100074001306016,12.360641365620168,-0.0
922,Transportation,20-24,Male,2015.0,16.324276774260788,9.353859923803842,0.2907142284490561
228,0.0,0.0,0.0,0.0,0.0,0.0,-0.0
626,Manufacturing,60-64,Male,2016.0,16.881789895638118,10.639075618942615,-0.0
529,Manufacturing,15-19,Male,2018.0,14.080964419699512,8.025528363518184,-0.0
547,Manufacturing,20-24,Male,2018.0,21.0491493059097,11.824698059701118,0.2907142284490561
400,Forestry,30-34,Male,2015.0,5.948554291433368,2.6915405337446248,-0.0
156,Construction,20-24,Male,2014.0,21.16999223197124,11.531398911569529,0.3196867352826989
554,Manufacturing,25-29,Male,2016.0,20.466538337576345,11.496031090583106,0.3196867352826989
804,Services,25-29,Male,2014.0,21.56938702737426,13.354222753234941,0.2907142284490561
998,Transportation,45-49,Male,2019.0,15.876863552229766,11.096080640954273,0.2907142284490561
666,Mining,35-39,Male,2011.0,9.859756978190003,5.271966682219149,0.3196867352826989
464,Health Care,25-29,Male,2016.0,10.355471321940376,6.511038958798586,-0.0
1026,Transportation,65+,Female,2011.0,3.6404579986259553,3.4839213534092544,-0.0
493,Health Care,40-44,Female,2018.0,19.51798180064482,12.939387788884105,-0.0
685,Mining,50-54,Male,2012.0,9.536535858161171,4.619591157181987,-0.0
909,Services,65+,Male,2011.0,11.686183131715165,8.025528363518184,0.3196867352826989
543,Manufacturing,20-24,Male,2014.0,20.214542279652502,10.73526930169519,-0.0
775,Services,15-19,Male,2012.0,19.973314861565836,11.400038014261904,0.2907142284490561
406,Forestry,35-39,Male,2012.0,6.00471020409598,2.1121490007848145,-0.0
173,Construction,30-34,Male,2013.0,20.894640764538018,12.101981730793353,0.2907142284490561
978,0.0,0.0,0.0,0.0,0.0,0.0,-0.0
218,0.0,0.0,0.0,0.0,0.0,0.0,-0.0
256,Education,15-19,Male,2015.0,10.10548357917218,5.664464765592907,-0.0
759,Pulp & Paper,25-29,Male,2014.0,5.321341973590818,2.6915405337446248,-0.0
405,Forestry,35-39,Male,2011.0,5.103870207142845,3.5892817892317113,0.2907142284490561
139,Chemicals/Process,65+,Male,2015.0,7.80424622755291,4.046822614859125,-0.0
609,Manufacturing,50-54,Male,2017.0,19.877875798485437,11.978903533637432,0.2907142284490561
308,Electrical,50-54,Male,2013.0,10.372796451184858,5.271966682219149,-0.0
310,Electrical,50-54,Male,2015.0,9.599054958704077,4.5557068059031325,-0.0
911,Services,65+,Male,2013.0,12.51135277442438,8.388856279222278,-0.0
698,Mining,55-59,Male,2016.0,8.543094804893578,4.046822614859125,-0.0
678,Mining,45-49,Male,2014.0,8.147296963143717,4.5557068059031325,0.2907142284490561
172,Construction,30-34,Male,2012.0,20.602949293197955,11.708987331898278,0.3196867352826989
93,Automotive,30-34,Male,2014.0,14.306102054032303,7.4927852349885855,-0.0
90,Automotive,30-34,Male,2011.0,15.387451170824761,7.762164147156597,-0.0
690,Mining,50-54,Male,2017.0,8.675151803226385,4.489920621651259,-0.0
123,Chemicals/Process,50-54,Male,2017.0,11.149285540166291,6.6787752843948915,-0.0
384,Forestry,20-24,Male,2017.0,6.960408184546052,4.2797738813995405,-0.0
285,Electrical,35-39,Male,2017.0,10.10548357917218,5.410040856092283,0.2907142284490561
895,Services,55-59,Male,2015.0,16.96337972630735,11.466299005194768,-0.0
683,Mining,45-49,Male,2019.0,8.622863809595932,3.8758343187004884,-0.0
112,Automotive,65+,Male,2015.0,8.70103655102187,3.5892817892317113,0.2907142284490561
307,Electrical,50-54,Male,2012.0,10.031352300494895,4.858310086890114,-0.0
946,Transportation,30-34,Female,2012.0,9.140244853111348,6.6787752843948915,-0.0
555,Manufacturing,25-29,Male,2017.0,20.686595132201123,11.851734842869863,-0.0
991,Transportation,45-49,Male,2012.0,16.23962155251442,11.883927066090559,0.2907142284490561
306,Electrical,50-54,Male,2011.0,9.578318655951714,5.410040856092283,-0.0
746,Primary Metals,20-24,Male,2019.0,8.026183308811461,3.784728283834905,-0.0
602,Manufacturing,45-49,Male,2019.0,19.17209695044459,11.742410644712871,0.2907142284490561
590,Manufacturing,45-49,Female,2016.0,12.641953030737445,8.433182203091956,-0.0
645,Mining,20-24,Female,2017.0,3.04342246267363,0.7379447974266409,-0.0
199,Construction,40-44,Male,2012.0,18.67641592239687,11.115836086358932,0.3196867352826989
298,Electrical,45-49,Male,2012.0,10.320616383569558,5.271966682219149,0.2907142284490561
633,Manufacturing,65+,Male,2014.0,14.753002386014774,7.9747072051192225,-0.0
618,Manufacturing,55-59,Male,2017.0,19.465574835200513,12.132145716877323,0.3196867352826989
520,Health Care,65+,Male,2018.0,6.421212116337027,4.968859679866984,-0.0
689,Mining,50-54,Male,2016.0,8.29340867451634,4.2797738813995405,-0.0
594,Manufacturing,45-49,Male,2011.0,21.368184221607528,12.81503912792551,0.2907142284490561
330,Electrical,65+,Female,2017.0,1.2513046819395306,0.0,-0.0
174,Construction,30-34,Male,2014.0,21.10559198055492,11.714578496757616,0.3196867352826989
28,Agriculture,35-39,Male,2012.0,8.877625382758511,6.7588453413934895,0.2907142284490561
805,Services,25-29,Male,2015.0,21.16999223197124,13.3762864316213,-0.0
887,Services,55-59,Female,2016.0,17.686721510256763,12.23102545331173,-0.0
740,Primary Metals,20-24,Male,2013.0,6.790186267827184,3.37262599716869,-0.0
661,Mining,30-34,Male,2015.0,9.209004087834819,3.6893666462127332,-0.0
996,Transportation,45-49,Male,2017.0,16.00214562152023,11.002439480040605,0.3196867352826989
177,0.0,0.0,0.0,0.0,0.0,0.0,-0.0
295,Electrical,40-44,Male,2018.0,9.451695535643138,4.968859679866984,-0.0
124,Chemicals/Process,50-54,Male,2018.0,10.940557751490319,6.300804830772392,-0.0
239,0.0,0.0,0.0,0.0,0.0,0.0,-0.0
670,Mining,35-39,Male,2015.0,8.48899082530517,4.352107146364183,-0.0
88,Agriculture,65+,Male,2018.0,5.651276360480715,4.2049219077318245,-0.0
50,Agriculture,45-49,Male,2016.0,9.163293836585488,6.392984417919977,-0.0
339,Food,25-29,Male,2017.0,12.073989962996897,6.6515439393833145,-0.0
370,Food,55-59,Male,2012.0,11.473195490233476,6.2374788965820445,0.2907142284490561
250,0.0,0.0,0.0,0.0,0.0,0.0,-0.0
363,Food,45-49,Male,2014.0,11.915085626469004,6.785013593121654,-0.0
852,Services,45-49,Female,2017.0,17.834756380875543,12.066489361563939,-0.0
248,Construction,65+,Male,2016.0,12.974822082458536,6.56813785842627,0.2907142284490561
752,Primary Metals,35-39,Male,2016.0,8.70103655102187,4.127348062487835,-0.0
610,Manufacturing,50-54,Male,2018.0,19.940545164994546,12.269881964424668,0.3196867352826989
592,Manufacturing,45-49,Female,2018.0,12.873080644798167,8.908127287492212,-0.0
195,0.0,0.0,0.0,0.0,0.0,0.0,-0.0
839,Services,40-44,Male,2013.0,18.573709272478375,12.453955087494863,-0.0
439,Forestry,50-54,Male,2018.0,6.322073176960199,3.4839213534092544,-0.0
654,Mining,25-29,Male,2017.0,8.975119922649478,4.127348062487835,-0.0
832,Services,35-39,Male,2015.0,18.513754236620894,11.936983251980466,0.2907142284490561
241,0.0,0.0,0.0,0.0,0.0,0.0,-0.0
764,Pulp & Paper,25-29,Male,2019.0,5.523676322941899,2.849100967818667,-0.0
45,Agriculture,45-49,Male,2011.0,8.950968108574136,6.6787752843948915,-0.0
648,Mining,25-29,Male,2011.0,9.993805893562437,5.271966682219149,0.3196867352826989
724,Municipal,30-34,Male,2015.0,7.80424622755291,5.318887257996751,-0.0
697,Mining,55-59,Male,2015.0,8.569866476970542,3.8758343187004884,-0.0
769,Pulp & Paper,55-59,Male,2015.0,7.239293934509256,3.2545992467652898,-0.0
377,Food,55-59,Male,2019.0,12.33182235086,7.326626704941041,-0.0
1043,Transportation,65+,Male,2019.0,13.191924954375747,9.242420865735106,0.2907142284490561
76,Agriculture,60-64,Male,2015.0,6.701729753392148,4.619591157181987,-0.0
894,Services,55-59,Male,2014.0,16.630571389387352,11.802929039513819,-0.0
791,0.0,0.0,0.0,0.0,0.0,0.0,-0.0
719,Municipal,30-34,Female,2019.0,6.059871914626792,4.127348062487835,-0.0
585,Manufacturing,45-49,Female,2011.0,14.121839276852814,9.626974989116167,-0.0
326,Electrical,65+,Female,2013.0,0.7519887218492141,1.5732872321743494,0.2907142284490561
956,0.0,0.0,0.0,0.0,0.0,0.0,-0.0
0,Agriculture,20-24,Male,2011.0,10.737889268413308,7.630623660422501,-0.0
924,Transportation,20-24,Male,2017.0,16.101722879902116,10.38240227989642,-0.0
35,Agriculture,35-39,Male,2019.0,10.49221790607033,7.431611971480745,-0.0
517,Health Care,65+,Male,2015.0,5.321341973590818,3.784728283834905,0.2907142284490561
975,Transportation,35-39,Male,2014.0,16.19399587046269,10.586175018449135,-0.0
143,Chemicals/Process,65+,Male,2019.0,8.20642041102789,4.422102295930098,0.2907142284490561
953,Transportation,30-34,Female,2019.0,9.599054958704077,7.127151578214025,-0.0
243,0.0,0.0,0.0,0.0,0.0,0.0,-0.0
797,0.0,0.0,0.0,0.0,0.0,0.0,-0.0
879,Services,50-54,Male,2017.0,17.896581397890518,12.269881964424668,-0.0
180,Construction,35-39,Female,2011.0,5.651276360480715,3.784728283834905,-0.0
496,Health Care,40-44,Male,2012.0,10.721920197105346,7.410924464859971,0.2907142284490561
89,Agriculture,65+,Male,2019.0,6.61085643536396,4.352107146364183,0.2907142284490561
544,Manufacturing,20-24,Male,2015.0,20.596938900578095,11.002439480040605,-0.0
819,Services,35-39,Female,2011.0,17.17276039000018,11.86786501970481,-0.0
252,Education,15-19,Male,2011.0,10.705894767601587,6.139469303005642,-0.0
205,Construction,40-44,Male,2018.0,18.54978969926025,10.947821299578369,0.2907142284490561
421,Forestry,40-44,Male,2018.0,5.8913619322725514,3.6893666462127332,-0.0
867,Services,50-54,Female,2014.0,18.297627212950506,12.572043870739314,-0.0
641,Mining,20-24,Female,2013.0,3.207836927928224,0.0,-0.0
59,Agriculture,50-54,Male,2016.0,8.350315088137027,6.936919462192939,-0.0
292,Electrical,40-44,Male,2015.0,8.59645519423854,4.742114640638859,-0.0
494,Health Care,40-44,Female,2019.0,19.270069496423485,13.302277131812783,-0.0
541,Manufacturing,20-24,Male,2012.0,20.506201371529265,11.155028233567476,0.2907142284490561
154,Construction,20-24,Male,2012.0,20.862779329857002,11.496031090583106,-0.0
430,Forestry,45-49,Male,2018.0,6.271333834819449,3.128865764710676,0.2907142284490561
990,Transportation,45-49,Male,2011.0,16.59845831172811,11.846342866077453,0.3196867352826989
957,Transportation,30-34,Male,2014.0,15.954721108176894,10.470065661175255,0.2907142284490561
303,Electrical,45-49,Male,2017.0,8.649095106900951,4.80095791069476,-0.0
707,Mining,60-64,Male,2016.0,7.671123866347192,2.9942121958501886,-0.0
1028,Transportation,65+,Female,2013.0,5.027540142714849,3.9630843303553096,-0.0
469,Health Care,30-34,Female,2012.0,18.018549308438878,11.899921616979157,-0.0
542,Manufacturing,20-24,Male,2013.0,20.374197416773672,11.082850444943977,-0.0
669,Mining,35-39,Male,2014.0,9.321093702794233,3.37262599716869,0.2907142284490561
257,Education,15-19,Male,2016.0,9.820675148965105,5.8949365243290055,-0.0
963,Transportation,35-39,Female,2011.0,9.298919347385663,7.080811624995211,-0.0
253,Education,15-19,Male,2012.0,10.832545214942622,6.269335900459538,-0.0
878,Services,50-54,Male,2016.0,17.700316002138948,12.499793408978961,-0.0
807,Services,25-29,Male,2017.0,21.89872659976413,13.837548957605204,-0.0
17,Agriculture,25-29,Male,2019.0,12.16929732420587,8.042276896643838,-0.0
788,Services,20-24,Female,2016.0,21.48417540638961,13.811191678421636,0.2907142284490561
831,Services,35-39,Male,2014.0,18.652849115045495,12.122117240322206,-0.0
1009,Transportation,55-59,Male,2012.0,14.657496404704418,10.82181118326695,0.3196867352826989
510,Health Care,45-49,Female,2017.0,19.750899592392948,12.856917395111129,-0.0
356,Food,40-44,Male,2016.0,12.04987398775096,6.705731953852162,0.2907142284490561
729,Municipal,55-59,Male,2011.0,8.235638744573473,5.704400449119501,0.2907142284490561
1006,0.0,0.0,0.0,0.0,0.0,0.0,-0.0
350,Food,30-34,Male,2019.0,11.737990102447883,6.705731953852162,-0.0
33,Agriculture,35-39,Male,2017.0,10.624905938416617,7.2835124622624186,-0.0
444,Forestry,65+,Male,2014.0,6.656604681917068,2.1121490007848145,-0.0
244,Construction,65+,Male,2012.0,11.827342065427214,5.224096776780618,0.2907142284490561
13,Agriculture,25-29,Male,2015.0,10.624905938416617,7.888011412943318,-0.0
518,Health Care,65+,Male,2016.0,5.8913619322725514,4.422102295930098,-0.0
188,Construction,35-39,Female,2019.0,6.11407903228689,3.8758343187004884,-0.0
276,0.0,0.0,0.0,0.0,0.0,0.0,-0.0
757,Pulp & Paper,25-29,Male,2012.0,4.006776823967044,1.213977406494694,-0.0
297,Electrical,45-49,Male,2011.0,10.031352300494895,5.8949365243290055,-0.0
152,0.0,0.0,0.0,0.0,0.0,0.0,-0.0
284,Electrical,35-39,Male,2016.0,9.578318655951714,4.858310086890114,-0.0
483,Health Care,35-39,Female,2017.0,19.083859663899176,12.308354210486765,-0.0
943,Transportation,25-29,Male,2018.0,16.15955472262184,10.906307407954486,0.3196867352826989
183,Construction,35-39,Female,2014.0,5.588156978983016,3.8758343187004884,-0.0
1042,Transportation,65+,Male,2018.0,13.054810932890673,8.604338662827484,0.2907142284490561
974,0.0,0.0,0.0,0.0,0.0,0.0,-0.0
906,Services,60-64,Male,2017.0,15.56775135129303,10.764350682537033,-0.0
568,Manufacturing,35-39,Male,2012.0,20.38348306799823,11.663956586806762,-0.0
313,Electrical,50-54,Male,2018.0,8.902222923488864,4.352107146364183,-0.0
208,Construction,45-49,Male,2012.0,18.907799174000733,11.270143242139682,0.2907142284490561
945,Transportation,30-34,Female,2011.0,9.68099313301725,6.810930254649206,-0.0
212,Construction,45-49,Male,2016.0,17.803628367252017,10.940935487649506,0.2907142284490561
741,Primary Metals,20-24,Male,2014.0,7.315023515968239,3.4839213534092544,-0.0
470,Health Care,30-34,Female,2013.0,18.28518727073765,12.015210801426745,-0.0
204,Construction,40-44,Male,2017.0,18.351273459540806,11.029441970958679,0.2907142284490561
27,Agriculture,35-39,Male,2011.0,9.451695535643138,6.6515439393833145,-0.0
526,Manufacturing,15-19,Male,2015.0,14.368800962240336,7.68773190008777,-0.0
1039,Transportation,65+,Male,2015.0,11.839973768519384,7.630623660422501,0.2907142284490561
739,Primary Metals,20-24,Male,2012.0,7.239293934509256,3.128865764710676,-0.0
92,Automotive,30-34,Male,2013.0,14.803779534121507,7.725186782802326,-0.0
809,Services,25-29,Male,2019.0,21.921551934249056,14.11717822287724,-0.0
141,Chemicals/Process,65+,Male,2017.0,8.147296963143717,2.6915405337446248,0.2907142284490561
227,Construction,55-59,Male,2013.0,16.176799255954066,10.08772982434921,0.3196867352826989
1025,Transportation,60-64,Male,2019.0,14.430810797819717,10.828929173880656,0.3196867352826989
549,Manufacturing,25-29,Male,2011.0,20.839523246164266,11.448344897890093,-0.0
830,Services,35-39,Male,2013.0,18.699903013644,12.467762740630672,-0.0
636,Manufacturing,65+,Male,2017.0,14.597922793322892,8.672942754064598,0.3196867352826989
777,Services,15-19,Male,2014.0,19.881187609232068,11.381759221268824,-0.0
955,Transportation,30-34,Male,2012.0,15.85875451161559,10.540190901903772,-0.0
235,Construction,60-64,Male,2012.0,13.14336429867135,8.328732721713381,-0.0
327,Electrical,65+,Female,2014.0,1.2513046819395306,0.7379447974266409,-0.0
646,Mining,20-24,Female,2018.0,2.8658516512540317,0.0,-0.0
629,Manufacturing,60-64,Male,2019.0,17.776831280445187,11.387862194869216,-0.0
171,Construction,30-34,Male,2011.0,20.31823920075014,11.68090633013307,0.2907142284490561
1024,0.0,0.0,0.0,0.0,0.0,0.0,-0.0
401,Forestry,30-34,Male,2016.0,5.948554291433368,3.2545992467652898,-0.0
967,Transportation,35-39,Female,2015.0,9.386909916133092,6.887222875544842,-0.0
827,Services,35-39,Female,2019.0,17.048948743546884,11.460323942389987,-0.0
1023,Transportation,60-64,Male,2017.0,13.786054598164016,10.04349065562935,-0.0
290,Electrical,40-44,Male,2013.0,10.123820628242088,5.175233864208523,-0.0
328,Electrical,65+,Female,2015.0,0.7519887218492141,0.7379447974266409,-0.0
317,Electrical,55-59,Male,2013.0,8.406387132995313,4.422102295930098,0.2907142284490561
99,Automotive,55-59,Female,2011.0,10.05000412418874,6.172557093937491,-0.0
323,Electrical,55-59,Male,2019.0,8.32196796242423,5.022200409095823,-0.0
431,Forestry,45-49,Male,2019.0,5.713098859890621,3.2545992467652898,-0.0
238,Construction,60-64,Male,2015.0,13.240043630601603,8.343875552593673,-0.0
964,Transportation,35-39,Female,2012.0,9.515486970629073,6.62403163348888,0.3196867352826989
783,Services,20-24,Female,2011.0,20.070755400514805,12.806610754941886,-0.0
361,Food,45-49,Male,2012.0,12.903812477284017,7.472540001347223,-0.0
249,Construction,65+,Male,2017.0,13.74260144480327,6.392984417919977,0.3196867352826989
748,Primary Metals,35-39,Male,2012.0,9.578318655951714,4.681691478716479,-0.0
1037,Transportation,65+,Male,2013.0,10.894577454126724,7.888011412943318,0.2907142284490561
677,Mining,45-49,Male,2013.0,9.298919347385663,5.022200409095823,-0.0
854,Services,45-49,Female,2019.0,17.613743615400463,12.162075831993546,-0.0
217,Construction,50-54,Male,2012.0,17.727421897298868,10.988862224802125,0.2907142284490561
569,Manufacturing,35-39,Male,2013.0,19.999425611866762,11.548957792642279,0.3196867352826989
623,Manufacturing,60-64,Male,2013.0,16.582340351146357,10.174526655455942,0.3196867352826989
1033,Transportation,65+,Female,2018.0,6.11407903228689,4.914252466606599,-0.0
148,Construction,15-19,Male,2015.0,13.43751700690695,7.390084724378634,-0.0
694,Mining,55-59,Male,2012.0,8.46165244511262,4.619591157181987,-0.0
190,Construction,35-39,Male,2012.0,19.150140478168495,11.122397467030414,-0.0
558,Manufacturing,30-34,Male,2011.0,20.599944696997056,11.66961499527373,-0.0
1014,Transportation,55-59,Male,2017.0,15.846651847891362,11.115836086358932,0.3196867352826989
860,Services,45-49,Male,2016.0,17.695787593459062,11.999692657292586,0.3196867352826989
404,Forestry,30-34,Male,2019.0,6.167368750066108,2.9942121958501886,-0.0
107,Automotive,55-59,Female,2019.0,11.473195490233476,6.452675749582507,-0.0
125,Chemicals/Process,50-54,Male,2019.0,10.894577454126724,6.48201926714076,-0.0
409,Forestry,35-39,Male,2015.0,5.8913619322725514,2.9942121958501886,-0.0
527,Manufacturing,15-19,Male,2016.0,14.20270027334243,7.725186782802326,-0.0
335,Food,25-29,Male,2013.0,11.92749297237407,6.810930254649206,0.2907142284490561
425,Forestry,45-49,Male,2013.0,6.656604681917068,2.9942121958501886,-0.0
934,Transportation,25-29,Female,2018.0,9.974909682879947,7.080811624995211,-0.0
499,Health Care,40-44,Male,2015.0,10.832545214942622,7.326626704941041,-0.0
596,Manufacturing,45-49,Male,2013.0,20.578878855533965,12.086810761745102,-0.0
1040,Transportation,65+,Male,2016.0,12.227950250050874,8.282844744480936,0.3196867352826989
435,Forestry,50-54,Male,2014.0,6.746250851586669,3.784728283834905,-0.0
578,Manufacturing,40-44,Male,2013.0,19.871247669970916,11.663956586806762,-0.0
402,Forestry,30-34,Male,2017.0,6.517408674945819,2.849100967818667,-0.0
131,Chemicals/Process,60-64,Male,2016.0,8.926669796173668,5.125331073137658,-0.0
368,Food,45-49,Male,2019.0,11.93986901250203,6.6515439393833145,-0.0
294,Electrical,40-44,Male,2017.0,8.852875019023216,5.022200409095823,-0.0
599,Manufacturing,45-49,Male,2016.0,19.6490649273179,12.05117754301591,0.3196867352826989
348,Food,30-34,Male,2017.0,11.72509024184749,6.423000281461124,-0.0
1011,0.0,0.0,0.0,0.0,0.0,0.0,-0.0
734,Municipal,55-59,Male,2016.0,7.5329167810151505,5.704400449119501,-0.0
1038,Transportation,65+,Male,2014.0,11.594161350603839,7.852604286895556,-0.0
280,Electrical,35-39,Male,2012.0,9.321093702794233,4.742114640638859,-0.0
74,0.0,0.0,0.0,0.0,0.0,0.0,-0.0
958,Transportation,30-34,Male,2015.0,16.07260236567771,10.140071414047894,0.2907142284490561
362,Food,45-49,Male,2013.0,12.566176551789992,7.009808452339097,-0.0
255,Education,15-19,Male,2014.0,10.196408176542684,5.931355049607142,0.2907142284490561
577,Manufacturing,40-44,Male,2012.0,20.25871195330095,11.963237249072332,0.2907142284490561
418,Forestry,40-44,Male,2015.0,5.8913619322725514,2.6915405337446248,-0.0
657,Mining,30-34,Male,2011.0,9.879164827887163,5.410040856092283,-0.0
34,Agriculture,35-39,Male,2018.0,10.196408176542684,7.2835124622624186,-0.0
355,Food,40-44,Male,2015.0,11.92749297237407,6.810930254649206,-0.0
407,Forestry,35-39,Male,2013.0,5.4577648492677255,3.37262599716869,-0.0
36,Agriculture,40-44,Male,2011.0,8.827969628674957,6.705731953852162,-0.0
286,Electrical,35-39,Male,2018.0,9.879164827887163,5.582584595315234,-0.0
459,Health Care,25-29,Male,2011.0,10.909955353374665,6.936919462192939,-0.0
225,Construction,55-59,Male,2011.0,15.73662971835659,9.231063093424615,-0.0
247,Construction,65+,Male,2015.0,12.555258922768683,6.452675749582507,-0.0
539,Manufacturing,20-24,Female,2019.0,12.641953030737445,8.267392702651792,-0.0
658,Mining,30-34,Male,2012.0,10.10548357917218,5.022200409095823,0.2907142284490561
52,Agriculture,45-49,Male,2018.0,8.950968108574136,6.300804830772392,0.2907142284490561
3,Agriculture,20-24,Male,2014.0,11.376943300770195,8.590433511222422,-0.0
68,Agriculture,55-59,Male,2016.0,7.771418932757528,5.743698224332392,-0.0
923,Transportation,20-24,Male,2016.0,16.148031593276663,9.745795579427414,-0.0
810,Services,30-34,Male,2011.0,19.7744568895653,12.844399724613263,-0.0
856,Services,45-49,Male,2012.0,18.351273459540806,12.721336028605764,0.2907142284490561
980,Transportation,35-39,Male,2019.0,15.50398066597552,10.65404569633731,0.2907142284490561
23,Agriculture,30-34,Male,2016.0,10.785462846654115,7.762164147156597,-0.0
353,Food,40-44,Male,2013.0,12.192841350004525,6.6515439393833145,-0.0
1036,Transportation,65+,Male,2012.0,10.68981251990634,7.127151578214025,0.2907142284490561
608,0.0,0.0,0.0,0.0,0.0,0.0,-0.0
910,Services,65+,Male,2012.0,12.192841350004525,8.042276896643838,-0.0
858,Services,45-49,Male,2014.0,17.936027153047092,11.989312203664898,0.2907142284490561
65,Agriculture,55-59,Male,2013.0,6.876369009509385,5.743698224332392,0.2907142284490561
57,Agriculture,50-54,Male,2014.0,8.48899082530517,6.139469303005642,-0.0
106,Automotive,55-59,Female,2018.0,11.540775782422592,6.7324200179071365,-0.0
291,Electrical,40-44,Male,2014.0,9.18621302470142,5.271966682219149,-0.0
115,Automotive,65+,Male,2018.0,9.70123148973429,4.2797738813995405,0.2907142284490561
140,Chemicals/Process,65+,Male,2016.0,7.602683801150955,3.9630843303553096,-0.0
905,Services,60-64,Male,2016.0,14.672293449116042,10.892362235431582,-0.0
837,Services,40-44,Male,2011.0,18.33069006552511,12.554104785046723,-0.0
514,Health Care,65+,Male,2012.0,4.868369133317061,2.849100967818667,-0.0
128,Chemicals/Process,60-64,Male,2013.0,8.29340867451634,5.125331073137658,-0.0
429,Forestry,45-49,Male,2017.0,6.421212116337027,3.128865764710676,-0.0
381,Forestry,20-24,Male,2014.0,6.469665611160533,3.784728283834905,-0.0
973,Transportation,35-39,Male,2012.0,15.94876714463411,11.029441970958679,-0.0
234,Construction,60-64,Male,2011.0,12.893588716743572,8.188921382253323,-0.0
686,Mining,50-54,Male,2013.0,9.408617792783351,4.914252466606599,-0.0
901,Services,60-64,Male,2012.0,14.105525362372774,9.953248187657655,-0.0
1034,Transportation,65+,Female,2019.0,6.372023372514601,5.022200409095823,-0.0
784,Services,20-24,Female,2012.0,20.411270884215135,12.869396191024972,-0.0
716,Municipal,30-34,Female,2016.0,5.103870207142845,3.4839213534092544,0.2907142284490561
944,Transportation,25-29,Male,2019.0,16.673136832600544,10.676382743039206,-0.0
453,Health Care,25-29,Female,2014.0,19.208540743935565,11.78651980252695,-0.0
428,Forestry,45-49,Male,2016.0,5.588156978983016,3.784728283834905,-0.0
890,Services,55-59,Female,2019.0,18.218454945129192,12.704060383104524,-0.0
899,Services,55-59,Male,2019.0,17.830318385061467,12.435469096643853,0.3196867352826989
443,Forestry,65+,Male,2013.0,6.00471020409598,0.0,-0.0
994,0.0,0.0,0.0,0.0,0.0,0.0,-0.0
258,Education,15-19,Male,2017.0,9.473068072569744,6.105947395422881,-0.0
1000,Transportation,50-54,Male,2012.0,15.942807382703098,11.566434475280717,0.2907142284490561
500,Health Care,40-44,Male,2016.0,10.801210970533555,7.009808452339097,-0.0
545,Manufacturing,20-24,Male,2016.0,20.665770501973192,11.301488506206741,-0.0
845,Services,40-44,Male,2019.0,18.08299242740214,12.393554484130297,0.2907142284490561
454,Health Care,25-29,Female,2015.0,18.796921382796818,11.894597560698678,0.2907142284490561
892,Services,55-59,Male,2012.0,16.279270745245444,11.412173906650862,-0.0
15,Agriculture,25-29,Male,2017.0,12.073989962996897,8.220555867426627,-0.0
728,Municipal,30-34,Male,2019.0,8.877625382758511,5.664464765592907,-0.0
976,Transportation,35-39,Male,2015.0,15.407031559874971,9.989633530421282,-0.0
14,Agriculture,25-29,Male,2016.0,11.321052103446094,8.35894320965791,-0.0
681,Mining,45-49,Male,2017.0,8.147296963143717,4.422102295930098,-0.0
880,0.0,0.0,0.0,0.0,0.0,0.0,-0.0
415,Forestry,40-44,Male,2012.0,5.833088002609537,3.784728283834905,-0.0
713,Municipal,30-34,Female,2013.0,4.949086816715207,3.4839213534092544,-0.0
859,Services,45-49,Male,2015.0,17.803628367252017,12.015210801426745,-0.0
793,0.0,0.0,0.0,0.0,0.0,0.0,-0.0
379,Forestry,20-24,Male,2012.0,6.372023372514601,2.849100967818667,0.2907142284490561
773,Pulp & Paper,55-59,Male,2019.0,6.167368750066108,2.849100967818667,-0.0
703,Mining,60-64,Male,2012.0,7.425644075765625,2.9942121958501886,-0.0
986,Transportation,40-44,Male,2016.0,15.779653344775731,10.920198670465162,0.3196867352826989
871,Services,50-54,Female,2018.0,18.30176882918087,12.996130089015752,-0.0
105,Automotive,55-59,Female,2017.0,11.306975410659982,5.8949365243290055,-0.0
1005,Transportation,50-54,Male,2017.0,15.906926312849842,11.43030351388776,0.3196867352826989
32,Agriculture,35-39,Male,2016.0,9.993805893562437,7.172729076048046,-0.0
758,Pulp & Paper,25-29,Male,2013.0,4.699497698853898,2.3274877503554956,-0.0
209,Construction,45-49,Male,2013.0,19.00947768277128,11.351092232920784,0.3196867352826989
336,Food,25-29,Male,2014.0,11.554178001616979,6.423000281461124,-0.0
913,Services,65+,Male,2015.0,13.104191203166351,8.970452364888272,-0.0
157,Construction,20-24,Male,2015.0,20.560775322985567,11.658289646448885,0.2907142284490561
281,Electrical,35-39,Male,2013.0,10.17837393576163,4.858310086890114,-0.0
149,Construction,15-19,Male,2016.0,12.944507800018748,7.9747072051192225,0.2907142284490561
251,Construction,65+,Male,2019.0,14.499769580844765,7.104078674404785,0.3196867352826989
19,Agriculture,30-34,Male,2012.0,9.859756978190003,7.239724979225231,0.3196867352826989
448,Forestry,65+,Male,2018.0,6.219776041015679,1.213977406494694,-0.0
233,Construction,55-59,Male,2019.0,17.73192883176447,10.61650094632396,-0.0
373,Food,55-59,Male,2015.0,11.473195490233476,6.836600628561867,-0.0
528,Manufacturing,15-19,Male,2017.0,14.3375387433067,7.762164147156597,0.2907142284490561
150,Construction,15-19,Male,2017.0,13.88045390603252,7.552672888756263,-0.0
693,Mining,55-59,Male,2011.0,8.406387132995313,4.046822614859125,0.2907142284490561
531,Manufacturing,20-24,Female,2011.0,10.44142882073922,7.009808452339097,-0.0
662,Mining,30-34,Male,2016.0,9.07030190572484,4.742114640638859,-0.0
389,Forestry,25-29,Male,2013.0,6.219776041015679,3.4839213534092544,0.2907142284490561
324,Electrical,65+,Female,2011.0,0.0,0.0,-0.0
587,Manufacturing,45-49,Female,2013.0,13.419021555660397,9.162063225357304,-0.0
42,Agriculture,40-44,Male,2017.0,9.76137285944298,7.15003389316062,0.2907142284490561
133,Chemicals/Process,60-64,Male,2018.0,9.473068072569744,5.967252651125548,-0.0
979,Transportation,35-39,Male,2018.0,15.387451170824761,10.878362686688005,-0.0
1017,Transportation,60-64,Male,2011.0,12.652687166727192,9.716485560456476,-0.0
575,Manufacturing,35-39,Male,2019.0,19.423372211642437,11.537261058031524,0.2907142284490561
908,Services,60-64,Male,2019.0,16.12492066233331,11.30772562613738,0.2907142284490561
794,0.0,0.0,0.0,0.0,0.0,0.0,-0.0
916,Services,65+,Male,2018.0,14.438514440248253,9.57618311306182,-0.0
834,Services,35-39,Male,2017.0,18.57768783107202,12.393554484130297,-0.0
